[{
        "id": "10002",
        "username": "李白",
        "email": "xianxin@layui.com",
        "sex": "男",
        "city": "浙江杭州",
        "experience": "12",
        "logins": "106",
        "joinTime": "2016-10-14",
        "dw_xinzhi": {
            "id": 90,
            "titel": "小学"
        }
    },
    {
        "id": "10003",
        "username": "王勃",
        "email": "xianxin@layui.com",
        "sex": "男",
        "city": "浙江杭州",
        "experience": "65",
        "logins": "106",
        "joinTime": "2016-10-14",
        "dw_xinzhi": {
            "id": 90,
            "titel": "小学"
        }
    }

]